user_name,password
user1,passworD1
user2,passworD1
user3,passworD1
user4,passworD1
user5,passworD1
user6,passworD1
user7,passworD1
user8,passworD1
user9,passworD1
user10,passworD1
user11,passworD1
user12,passworD1
user13,passworD1
user14,passworD1
user15,passworD1
user16,passworD1
user17,passworD1
user18,passworD1
user19,passworD1
user20,passworD1
emailless-user1,passworD1
emailless-user2,passworD1
emailless-user3,passworD1
emailless-user4,passworD1
emailless-user5,passworD1
user-1,passworD1
user-2,passworD1
user-3,passworD1
user-4,passworD1
user-5,passworD1
